model,base,base,base,base,base,textattack,textattack,textattack,textattack,textattack,fabriceyhc,fabriceyhc,fabriceyhc,fabriceyhc,fabriceyhc,wakaka,wakaka,wakaka,wakaka,wakaka
metric,loss_train,loss_test,f1_train,f1_test,duration,loss_train,loss_test,f1_train,f1_test,duration,loss_train,loss_test,f1_train,f1_test,duration,loss_train,loss_test,f1_train,f1_test,duration
epoch,,,,,,,,,,,,,,,,,,,,
1,0.3432332454046021,0.338719274003788,0.8527888206240212,0.8525865892504334,0:00:09.668784,0.0904336221075578,0.2014329449649295,0.9677548889692004,0.9343574855852588,0:00:08.705031,0.0537284274687315,0.2358349006075487,0.9840983014094687,0.932301116890448,0:00:09.021376,0.2832661910181019,0.2591423058153858,0.8846323736096052,0.8914559896778356,0:00:09.755657
2,0.3077294433032745,0.3269007504370412,0.8702565955908926,0.858070239103262,0:00:09.572611,0.0804650257241437,0.2182804726663681,0.9715295345942256,0.929236724325632,0:00:08.687009,0.0493927214492532,0.2185632575376037,0.9859856242219812,0.93076892060804,0:00:08.916055,0.269047932271321,0.2575799981552207,0.889852628197406,0.8962541832990605,0:00:09.709849
3,0.2950087256194001,0.281795445253554,0.877524796209292,0.8802870851981774,0:00:09.547557,0.0742117062259456,0.2295940584169807,0.9729349877524796,0.9341962017660578,0:00:08.710527,0.0486375410536415,0.332822902350917,0.9859454684174598,0.930002822466836,0:00:08.822648,0.2613866464814723,0.2495184638873509,0.8941894550857327,0.8981492681746702,0:00:09.467708
4,0.2883031523484013,0.2820785278646445,0.8800546118941494,0.8805290109269788,0:00:09.568807,0.0716536492155626,0.2411404952110432,0.9748624663695136,0.9324624007096488,0:00:08.607995,0.0478001539140374,0.2726077866685814,0.9865478054852828,0.932341437845248,0:00:08.934248,0.2554892729656993,0.2482748672116512,0.8965988033570252,0.8989960082254748,0:00:09.016544
5,0.2869630164833829,0.2984767179436899,0.8820222463157049,0.8723841780573364,0:00:09.723108,0.069380970162923,0.2204753128144802,0.9750230895876,0.9326640054836498,0:00:08.844395,0.0471822787845487,0.2304601965942563,0.9865076496807612,0.9324624007096488,0:00:09.234810,0.2518357548465776,0.2475973608730762,0.8979239449062362,0.8977460586266682,0:00:09.224361
6,0.2767811851511413,0.2759625587889028,0.884471750391519,0.882867626305391,0:00:09.547725,0.0667106195750337,0.2073259135070927,0.9767899449865478,0.9345187694044595,0:00:08.657420,0.0463441053841176,0.24511625590844,0.9867084287033692,0.9326236845288496,0:00:09.075852,0.2500194841720866,0.2444748742345087,0.8995703328916195,0.9016571912422886,0:00:08.986392
7,0.2740729506795842,0.2764823720430395,0.8861984499859454,0.884036933994597,0:00:09.521400,0.0652768229366314,0.2322711655694555,0.9777938400995864,0.9329059312124512,0:00:08.660584,0.0467220248051635,0.2219368035614926,0.9863871822671968,0.9321398330712471,0:00:08.934163,0.2457260451111009,0.244004120978229,0.9000923583503996,0.9021007217450908,0:00:09.048134
8,0.2697337713183423,0.2889129844109812,0.888085772798458,0.8831901939437926,0:00:09.548103,0.0624946246203991,0.2234333148142131,0.9782757097538448,0.9333091407604532,0:00:08.667277,0.0461593185372807,0.2795030211730676,0.9864674938762398,0.9326236845288496,0:00:09.033340,0.2425092681094679,0.2440654094974252,0.9000923583503996,0.8990766501350752,0:00:09.069691
9,0.265397498032631,0.2735156454220915,0.8883668634301088,0.8845611064069998,0:00:09.491661,0.060927244513974,0.2435427683598786,0.9782355539493234,0.933833313172856,0:00:08.612851,0.0456905715382419,0.2496188433266894,0.9867084287033692,0.9316559816136446,0:00:09.042651,0.2382001823534057,0.2463692893014895,0.9037866923663816,0.9016168702874884,0:00:09.017097
10,0.2620362617572789,0.291514008844013,0.8929847809500864,0.8875045361074151,0:00:09.631165,0.0582522822639659,0.2235325066649529,0.9785166445809742,0.9341558808112576,0:00:08.866011,0.0455119255581985,0.2578717783837101,0.9874713889892784,0.9313334139752428,0:00:09.181487,0.2378813911788883,0.251722939380848,0.9051921455246356,0.9021007217450908,0:00:09.044089
11,0.2599864168348457,0.283021446809499,0.8925832229048709,0.8828273053505907,0:00:09.515594,0.0561861186313702,0.2525051124982002,0.9804842790025298,0.9335107455344542,0:00:08.706900,0.0445342471417959,0.2528125253234765,0.986628117094326,0.9321398330712471,0:00:08.976990,0.234353066203262,0.2447532029551233,0.9047504316748988,0.9027861779766944,0:00:08.950908
12,0.2549856488517606,0.2855641518661888,0.894068987672168,0.8832305148985928,0:00:09.553808,0.054430339412255,0.2675097713513751,0.9804039673934868,0.9310511672916416,0:00:08.658218,0.0445672213162663,0.2509144419382955,0.9872706099666708,0.9298415386476352,0:00:08.900523,0.2303797138450768,0.2403683705164179,0.9077621170140144,0.9016168702874884,0:00:08.924043
13,0.2534791968227269,0.2810353717788307,0.8965988033570252,0.8882303132938189,0:00:09.559702,0.0526350178978189,0.2788740925485847,0.980644902220616,0.9337929922180556,0:00:08.654947,0.0443743821686319,0.2734886606010675,0.9867485845078906,0.9322607959356476,0:00:08.986506,0.2271902078334649,0.2699338716428394,0.908766012127053,0.8995605015926778,0:00:08.932195
14,0.2493886541388688,0.2875871322569006,0.8982853471469301,0.8879883875650175,0:00:09.560754,0.0524010962075646,0.3045582119024418,0.9812472392884392,0.9310108463368412,0:00:08.575727,0.0434388637834734,0.2751416283876114,0.9873910773802352,0.9325833635740496,0:00:08.991257,0.2250235411201022,0.2451321582367512,0.907360558968799,0.9036329180274988,0:00:08.944313
15,0.2450196064855609,0.2873009142667514,0.8998112677187488,0.8823031329381881,0:00:09.670895,0.0490059858125715,0.2823588807874216,0.9817291089426976,0.9314140558848434,0:00:08.858234,0.0433433674279162,0.3139456497840153,0.9873910773802352,0.9320591911616468,0:00:09.231898,0.2204629277382453,0.2486636385528046,0.9106533349395656,0.9028668198862948,0:00:09.111919
16,0.2446892771425158,0.2850943035302088,0.8984058145604947,0.8846417483166001,0:00:09.497159,0.0479503500234068,0.284919572643514,0.9812873950929608,0.9335107455344542,0:00:08.696487,0.0427539991849626,0.3196799147590919,0.9869493635304984,0.9315753397040442,0:00:08.996099,0.2203271338412483,0.25121800902482,0.9110950487893024,0.9029071408410952,0:00:09.079009
17,0.2409959040170916,0.2748585248344399,0.899610488696141,0.8896012257570259,0:00:09.537712,0.046810200331015,0.2896948586664008,0.9820905111833916,0.932301116890448,0:00:08.707164,0.0433168669248197,0.2670459251670214,0.9873910773802352,0.9310108463368412,0:00:08.770692,0.2155345340566627,0.2694728499878202,0.9125808135565996,0.8951655175194548,0:00:09.033640
18,0.2360510661031223,0.2997609895255572,0.9008151628317872,0.8868190798758114,0:00:09.545682,0.0429435732131051,0.3167804687564418,0.9833353411235594,0.9326640054836498,0:00:08.679044,0.0415362439053169,0.3202388498893265,0.9881540376661446,0.9316559816136446,0:00:08.873744,0.2139888778209342,0.2526320269632575,0.913584708669638,0.9020604007902908,0:00:08.990788
19,0.2351413975267721,0.2844741090292205,0.900413604786572,0.8898431514858272,0:00:09.546950,0.0423817400661323,0.3256876302077268,0.9834156527326025,0.9320591911616468,0:00:08.576375,0.0413735105433194,0.281725634938375,0.9881941934706662,0.9314543768396436,0:00:09.103028,0.2119085155188348,0.2473646035998788,0.9131429948199012,0.9033909922986976,0:00:08.971736
20,0.2324419738928068,0.2777091141636532,0.9026623298397785,0.8894802628926253,0:00:09.667099,0.0400194880269098,0.3772593707603986,0.9842589246275548,0.9321801540260474,0:00:08.837666,0.041241434329313,0.2885546165232075,0.98803357025258,0.9312124511108424,0:00:09.513675,0.2084963115575378,0.2561232818965077,0.915271252459543,0.9015362283778878,0:00:09.071887
21,0.2264261624090784,0.2843397773355821,0.9051921455246356,0.8872626103786138,0:00:09.534886,0.0389168823620726,0.3539782227667318,0.9842187688230334,0.9294786500544332,0:00:08.662814,0.0395439496628201,0.2995594674039515,0.9883146608842308,0.9319785492520464,0:00:09.315767,0.2078474997752017,0.2488190564783008,0.9161948359635386,0.9031893875246966,0:00:08.951222
22,0.2259806956192038,0.2994436812155022,0.9041480946070756,0.8855288093222048,0:00:09.496459,0.0400567785645937,0.3572538913590922,0.9844998594546842,0.934034917946857,0:00:08.681264,0.0409988473733349,0.2728735109538448,0.9878729470344938,0.9310914882464416,0:00:09.195514,0.2046337777650669,0.2649429126343508,0.9161145243544956,0.903471634208298,0:00:08.955651
23,0.2229655941276401,0.2859756924672609,0.9069590009235836,0.8890770533446232,0:00:09.495101,0.0382830085155722,0.3550469913881203,0.9848211058908564,0.9316559816136446,0:00:08.698406,0.0402543521625203,0.29237300575532,0.9879532586435368,0.9312930930204428,0:00:09.233613,0.201653328689535,0.3186469669840849,0.9170381078584908,0.8961735413894603,0:00:08.942228
24,0.2204234394506673,0.2864839622568453,0.908766012127053,0.8878674247006169,0:00:09.495803,0.0349669202100818,0.3716965729353992,0.986266714853632,0.9333494617152536,0:00:08.590050,0.0388243265429974,0.3038532620853542,0.9888366863430108,0.9316559816136446,0:00:09.216919,0.1982067523306578,0.2639946938710181,0.9186041842348311,0.8998830692310794,0:00:08.919674
25,0.2192297211163156,0.2901589003866828,0.9070393125326266,0.8891173742994234,0:00:09.724029,0.0336291769908782,0.3482859167226318,0.9863068706581536,0.9333494617152536,0:00:08.859357,0.0387398660549384,0.3297578559240812,0.9887965305384894,0.9306076367888392,0:00:09.459678,0.1980726030058633,0.2615067330087036,0.9200497931976068,0.9004072416434821,0:00:09.016539
26,0.2133396016780541,0.2904469908232212,0.910091153676264,0.8878271037458167,0:00:09.590962,0.0316500037658042,0.372431809139672,0.9872706099666708,0.9310511672916416,0:00:08.658922,0.037404767961482,0.3109485704804385,0.9888768421475324,0.9315753397040442,0:00:09.273485,0.1936061808071905,0.2642449047596472,0.9202505722202144,0.900568525462683,0:00:08.902575
27,0.211217990936532,0.3061031644405392,0.9101313094807856,0.8854884883674046,0:00:09.560457,0.0314067442983901,0.4357182257239704,0.986788740312412,0.9309705253820412,0:00:08.662108,0.0393274538369537,0.3137340303739067,0.9882745050797092,0.9325833635740496,0:00:09.191584,0.1908431861320073,0.2747603221988482,0.9210536883106452,0.9022216846094916,0:00:08.906348
28,0.2059703524940586,0.2822656231127036,0.9134642412560736,0.8903270029434297,0:00:09.568828,0.0313077914843105,0.3663904896576976,0.9877926354254508,0.9326640054836498,0:00:08.654517,0.0371706202317331,0.32065504862931,0.9892784001927478,0.9312930930204428,0:00:09.298203,0.1900268546801747,0.2862549953705142,0.9226197646869856,0.9020200798354904,0:00:08.942540
29,0.2060568440939865,0.2872401707967415,0.9119784764887764,0.8897221886214266,0:00:09.536373,0.0304551157406563,0.429110036124156,0.9874713889892784,0.9332284988508528,0:00:08.610091,0.0383217768299492,0.370003543059499,0.98855559571136,0.9307285996532398,0:00:09.242880,0.186830325214735,0.2758853492097805,0.92221820664177,0.9044796580783032,0:00:08.960195
30,0.2049553649014625,0.2999022091950709,0.9125005019475564,0.891738236361437,0:00:09.707397,0.0296379844804751,0.4799973838440777,0.9869493635304984,0.9308092415628402,0:00:08.875872,0.036596731974986,0.2841610366803502,0.9887563747339678,0.9316963025684448,0:00:09.494921,0.1849758600689404,0.2653492484095803,0.9230213227322008,0.9031893875246966,0:00:09.072721
31,0.2001061404126293,0.3141851841529697,0.91466891539172,0.8912947058586347,0:00:09.651247,0.0288517366392023,0.4148569771151699,0.9879532586435368,0.930567315834039,0:00:08.710544,0.0363000448632074,0.330367739430191,0.9891980885837048,0.9306076367888392,0:00:09.155861,0.184060304316863,0.2828778959978754,0.9243866200859334,0.9045602999879035,0:00:08.913966
32,0.1968291430292946,0.3599026452644353,0.9149500060233708,0.8781097536389662,0:00:09.656644,0.0287500732330151,0.4408021649216383,0.9879934144480584,0.9315753397040442,0:00:08.687612,0.0370103999333404,0.4091481585456707,0.9890776211701402,0.9321398330712471,0:00:09.129094,0.1822109492746718,0.2765294508846504,0.9254306710034936,0.9013749445586872,0:00:08.900036
33,0.1980011106991186,0.3394546260142214,0.9130225274063366,0.8900850772146285,0:00:09.658986,0.0262185253290535,0.4886434048071209,0.9887563747339678,0.9322607959356476,0:00:08.654356,0.0350943557236691,0.2896247244096924,0.9896799582379632,0.9310511672916416,0:00:09.278698,0.1792338943331284,0.2604117003752623,0.9257920732441874,0.9027458570218942,0:00:08.891848
34,0.1915943104706808,0.3130806042876821,0.9159137453318876,0.8880287085198177,0:00:09.629445,0.028020645335355,0.4161078963348398,0.9881138818616232,0.9325027216644488,0:00:08.634039,0.0346438860260616,0.3841438120719799,0.9895996466289202,0.929599612918834,0:00:09.279027,0.1772993165923136,0.2683658062206753,0.9271975264024416,0.9026248941574936,0:00:08.923591
35,0.1937829393831314,0.3177633109891347,0.9154318756776292,0.8893996209830248,0:00:09.025825,0.023843209416453,0.4675982700910941,0.9893988676063123,0.933067215031652,0:00:08.986944,0.033950152286674,0.3127563027421048,0.989800425651528,0.9306479577436394,0:00:09.434037,0.1729933947482562,0.2991647011139576,0.9287636027787816,0.8981895891294706,0:00:09.072198
36,0.1868106096024136,0.3231367836597516,0.9194876119343052,0.8905689286722309,0:00:08.834957,0.0242109784477834,0.5164863407132867,0.9895594908243986,0.9327849683480504,0:00:08.825092,0.0333543688184982,0.3777544121995775,0.9900413604786572,0.9320591911616468,0:00:09.081843,0.1752086580014848,0.2780317471698091,0.9269967473798336,0.9041167694851016,0:00:08.973886
37,0.18880438928484,0.318992281385419,0.9187648074529172,0.885770735051006,0:00:08.840570,0.0243341348522826,0.4895564875726232,0.9891980885837048,0.9306076367888392,0:00:08.826668,0.0334043139449002,0.3286553149517897,0.989880737260571,0.9286722309584292,0:00:09.010784,0.1718195670993284,0.3110672545285661,0.92820142151548,0.8960928994798597,0:00:08.919566
38,0.1850026099534946,0.3337937573975892,0.9182829377986588,0.8896415467118262,0:00:08.870388,0.0243351852731556,0.4861639218782415,0.9886760631249248,0.9332284988508528,0:00:08.802095,0.0345746500333379,0.3251700090932931,0.9895996466289202,0.9303253901052376,0:00:09.169135,0.1716291601978846,0.3093913096842895,0.9291250050194756,0.9016168702874884,0:00:08.882347
39,0.1863108163099348,0.347038535520041,0.919045898084568,0.8903270029434297,0:00:08.875091,0.0255296966806711,0.5135471942670511,0.9895594908243986,0.930406032014838,0:00:08.697838,0.0329450714301102,0.4051709121161355,0.9898405814560496,0.9317769444780452,0:00:09.210265,0.1660399036159179,0.287234310113462,0.9307312372003372,0.9020200798354904,0:00:08.956694
40,0.183480930812322,0.3124726720600742,0.9213749347468176,0.8878271037458167,0:00:08.987883,0.0229903634124006,0.4718369076193638,0.9902019836967434,0.9302850691504376,0:00:08.927847,0.0322124578966355,0.4109944786749148,0.9900413604786572,0.9302447481956372,0:00:09.441120,0.1666108760402916,0.3055893356873432,0.9314540416817252,0.9048828676263054,0:00:08.938296
41,0.1788043850848741,0.3319759876651059,0.922057583423684,0.8875045361074151,0:00:08.868971,0.0228863894225573,0.5627838714581739,0.9897201140424848,0.931736623523245,0:00:08.762083,0.0321411510033709,0.338100930716712,0.9904027627193512,0.9311318092012418,0:00:09.133948,0.1600909507169898,0.2837731907667459,0.9341444805846684,0.9018184750614896,0:00:08.951207
42,0.1740673084304559,0.3617944831310281,0.9223386740553348,0.8900044353050282,0:00:08.782024,0.0216532375768515,0.5466739952174497,0.9901216720877004,0.9324624007096488,0:00:08.770845,0.03246299535206,0.3232652374732123,0.9900413604786572,0.9312527720656424,0:00:09.036247,0.1586022998728767,0.2871675635431099,0.9361522708107458,0.9018587960162896,0:00:08.944057
43,0.1765178208668575,0.3642978056362612,0.9242661526723688,0.8850852788194025,0:00:08.767733,0.0212972774232567,0.5275837856050322,0.989439023410834,0.933067215031652,0:00:08.816472,0.0306237721427342,0.3326829234701178,0.9905232301329158,0.9308495625176404,0:00:09.149291,0.1599106557299029,0.3400139916693003,0.9341043247801468,0.8908511753558325,0:00:09.068261
44,0.1722704543551581,0.3456875619312894,0.9235031923864596,0.8902866819886295,0:00:08.795060,0.0210908620062567,0.4886279171422581,0.9903626069148296,0.9322204749808476,0:00:08.752372,0.0311006928974126,0.3649294308816403,0.9908043207645664,0.9308898834724406,0:00:09.075742,0.1573450976650352,0.2968173866306031,0.9365538288559612,0.9033909922986976,0:00:09.083344
45,0.1713029476999279,0.3473232087357264,0.9245873991085412,0.8910931010846337,0:00:08.930800,0.0208618174326085,0.5097635599121696,0.9900012046741355,0.93270432643845,0:00:09.505972,0.03022982405988,0.3657083712842279,0.9902019836967434,0.9312124511108424,0:00:09.255907,0.1558665676922354,0.2812815047240967,0.9346665060434486,0.90193943792589,0:00:09.065250
46,0.168820832406478,0.3710996448710446,0.9258723848532304,0.885569130277005,0:00:08.807871,0.0198098982052632,0.5665038773189837,0.9909247881781312,0.9318575863876456,0:00:09.496644,0.030716278145261,0.46160373124357,0.9907641649600448,0.9319382282972462,0:00:09.053337,0.1533859514455587,0.3101955050555744,0.9361121150062242,0.903068424660296,0:00:09.008518
47,0.1649419003129197,0.3414686146533026,0.9261534754848814,0.8908108544010322,0:00:08.784504,0.0218705389544902,0.5111775403553672,0.9907240091555234,0.9336720293536552,0:00:09.496328,0.0309673482550676,0.3906487302696795,0.9904027627193512,0.928067416636426,0:00:08.961749,0.1520754176123842,0.2985524705289509,0.9365136730514396,0.9007298092818838,0:00:08.943315
48,0.1653004250978149,0.3245532595715725,0.9268762799662692,0.8906898915366317,0:00:08.767064,0.0203957911957462,0.5493911877358617,0.990844476569088,0.9325430426192493,0:00:09.488022,0.0308554586580996,0.4119381593910218,0.9900012046741355,0.9308495625176404,0:00:09.051100,0.1481282254902165,0.3270835115964502,0.9387222423001244,0.901173339784686,0:00:08.988022
49,0.1674358323862025,0.3484422756797902,0.9263140987029674,0.8856497721866052,0:00:08.765463,0.0211679241771553,0.6206986790233386,0.9904027627193512,0.932301116890448,0:00:09.445971,0.0299743733871163,0.4353389403383149,0.9904830743283942,0.9314543768396436,0:00:08.983232,0.1495254336914886,0.3209272653510145,0.937798658796129,0.9032297084794968,0:00:08.989520
50,0.156550105835702,0.3715954940890916,0.9302895233506004,0.8846417483166001,0:00:08.913114,0.0189874967732775,0.5241563316231275,0.9914468136369112,0.9312930930204428,0:00:09.780145,0.0305149043870677,0.3865510572339602,0.9907641649600448,0.9296802548284344,0:00:09.247109,0.1475289246875587,0.3454794626155752,0.9373971007509136,0.8988750453610741,0:00:08.976845
51,0.1599598589935488,0.3530984045745601,0.9277195518612216,0.8888754485706222,0:00:08.813672,0.0189463427778696,0.5154000416872201,0.9913263462233466,0.9316156606588444,0:00:09.533797,0.029523252751565,0.4513182134300017,0.9907641649600448,0.9289141566872304,0:00:09.017519,0.1423959321795516,0.3245782776550677,0.9410111231578524,0.9013749445586872,0:00:08.994155
52,0.1604573389453112,0.3595168613170109,0.929084849214954,0.8906495705818313,0:00:08.826754,0.0186900697228183,0.553657143367347,0.9915271252459544,0.9315753397040442,0:00:09.500294,0.0302336488279396,0.3731358977251913,0.9905633859374372,0.9304463529696384,0:00:08.914779,0.1439406127203855,0.3479146809141946,0.9393245793679476,0.9037538808918996,0:00:08.973202
53,0.1534370029911837,0.3648674125367888,0.9313335742681604,0.8896415467118262,0:00:08.844964,0.0175216492006402,0.5651335890845742,0.9920491507047344,0.929801217692835,0:00:09.503044,0.029704443087463,0.451279420684629,0.9912460346143036,0.9316156606588444,0:00:09.006511,0.1459262876189164,0.3407196454819629,0.9394450467815124,0.9026248941574936,0:00:08.945513
54,0.1554762366633091,0.379708648370351,0.9290446934104324,0.889036732389823,0:00:08.796384,0.0192194057500721,0.5603791285418322,0.9910050997871742,0.9314543768396436,0:00:09.398393,0.028762358728207,0.3785049350455065,0.991366502027868,0.9314946977944438,0:00:09.025421,0.1405271179029606,0.3370174301995835,0.941492992812111,0.9003265997338818,0:00:08.964951
55,0.1512955875842521,0.4023517888542214,0.9319359113359836,0.8887948066610218,0:00:08.907427,0.0185284437897098,0.5916302192267757,0.991567281050476,0.932301116890448,0:00:09.769904,0.026802355870065,0.3930502583043516,0.9922097739228204,0.9302850691504376,0:00:09.189990,0.1415235049513302,0.3190424874303118,0.9408504999397664,0.901737833151889,0:00:08.991999
56,0.1529445480985688,0.3572912100382817,0.9298478095008632,0.8894802628926253,0:00:08.775357,0.0200347871568667,0.5605308714031925,0.9908043207645664,0.9313334139752428,0:00:09.537028,0.0281735703052508,0.4105938538362717,0.9915271252459544,0.9314543768396436,0:00:08.976291,0.1398906027647128,0.3758897030361599,0.9411315905714172,0.902342647473892,0:00:09.018492
57,0.1525854729426804,0.4065831525841748,0.9323374693811992,0.884036933994597,0:00:08.772319,0.0180143785461284,0.5845976334365952,0.9917680600730836,0.9302044272408372,0:00:08.984213,0.0275852125974564,0.4342861772926866,0.991647592659519,0.930002822466836,0:00:08.911201,0.139813722471141,0.3482210539190154,0.9430590691884512,0.9016975121970888,0:00:08.961655
58,0.1465770096974794,0.4005633069276714,0.933863389953018,0.8891173742994234,0:00:08.806768,0.0159061362836465,0.5853344413404254,0.9929325784042085,0.9319382282972462,0:00:08.951114,0.0269633729690557,0.4452113108711117,0.9916074368549974,0.9303253901052376,0:00:09.020390,0.136121380175147,0.3436404094467734,0.943862185278882,0.9027861779766944,0:00:09.033691
59,0.1436391585077299,0.4239905435416713,0.9353089989157932,0.8849239950002016,0:00:08.788617,0.0153808761463938,0.6218655792401223,0.993133357426816,0.9337929922180556,0:00:08.888902,0.0265346220010411,0.3734018213660234,0.9922097739228204,0.9301641062860369,0:00:09.064996,0.1355578417678165,0.3275560420720605,0.9428984459703648,0.9010523769202856,0:00:09.045816
60,0.1492437837419454,0.3926635361231561,0.9323776251857206,0.8908511753558325,0:00:08.882936,0.0176269304702663,0.5683724931707977,0.9927317993816006,0.929599612918834,0:00:09.187264,0.0274077210519973,0.4857706268981212,0.9919688390956912,0.9301641062860369,0:00:09.204930,0.1321866124353116,0.3658727284193219,0.9455085732642652,0.9001653159146809,0:00:09.011842
61,0.1443685847567695,0.354268365876663,0.9339838573665824,0.8911737429942341,0:00:08.772831,0.0168030102023787,0.575338265557984,0.9928522667951653,0.9302850691504376,0:00:09.011540,0.0258034031631444,0.477461851210464,0.9919286832911698,0.9302850691504376,0:00:09.007354,0.1358071023823073,0.3249711584595975,0.943701562060796,0.9006088464174832,0:00:08.961022
62,0.1419602388238705,0.4112160372107197,0.9357105569610088,0.8796419499213741,0:00:08.726660,0.0167527317670872,0.5831706714584027,0.99297273420873,0.9329059312124512,0:00:09.000493,0.0260467567591668,0.4741975436320865,0.9920089949002128,0.9297608967380347,0:00:08.923443,0.1343268924817174,0.312670212973674,0.9440629643014896,0.9018991169710898,0:00:08.971991
63,0.1428821500036889,0.3991574290826677,0.9354696221338794,0.8886335228418208,0:00:08.731309,0.0165429966097371,0.6008647975802026,0.9927719551861222,0.929599612918834,0:00:08.886429,0.0266919468729737,0.5266744940081237,0.9917680600730836,0.9312124511108424,0:00:09.011571,0.1307933422376965,0.3696012988493188,0.9440629643014896,0.9004878835530825,0:00:08.947663
64,0.1422082554998498,0.3749570482861751,0.9343452596072762,0.8887544857062215,0:00:08.760394,0.0176795740302598,0.6126982316011688,0.9925310203589928,0.9290754405064312,0:00:08.993195,0.0273220423985313,0.3843494728125263,0.9910452555916957,0.9287125519132292,0:00:09.044074,0.1310300217147566,0.3482535092877042,0.9445448339557484,0.9020200798354904,0:00:08.923202
65,0.1376926135809777,0.4117082122439686,0.9356302453519656,0.885972339825007,0:00:08.888083,0.0143761203813002,0.6135879350668957,0.9936152270810744,0.9318979073424458,0:00:09.173840,0.0261831145708432,0.4494125097046599,0.991647592659519,0.9283899842748276,0:00:09.244490,0.1295503438629726,0.3420747697143935,0.9432196924065372,0.903068424660296,0:00:08.933574
66,0.1413248809955928,0.4071050314174196,0.9361522708107458,0.8896818676666264,0:00:08.769984,0.0149317671129011,0.6161135283225997,0.9933341364494238,0.9318575863876456,0:00:08.935701,0.0261747389564247,0.4574305663078898,0.992169618118299,0.9298818596024354,0:00:08.993862,0.125643567601159,0.3747400170931423,0.9465526241818256,0.9012539816942864,0:00:08.921852
67,0.1358374571314126,0.3759165447263135,0.9367546078785688,0.8907302124914317,0:00:08.765049,0.0164332200843002,0.6500280767043474,0.993053045817773,0.9290754405064312,0:00:08.917493,0.0266587502585716,0.4743992699181614,0.9922900855318636,0.929801217692835,0:00:08.915785,0.1268731212985864,0.3525310005136336,0.9465526241818256,0.9009717350106852,0:00:08.960614
68,0.1353434403038397,0.4020971645305254,0.9376380355780428,0.890972138220233,0:00:08.778290,0.0183822616890119,0.5778644821952197,0.9923703971409068,0.9308495625176404,0:00:08.841169,0.025094507901106,0.4348553049668957,0.9923703971409068,0.9302044272408372,0:00:09.021890,0.1250541990524844,0.3573714797003986,0.9478777657310364,0.9012539816942864,0:00:08.975324
69,0.1355974977125864,0.4027091030753941,0.9360719592017026,0.889238337163824,0:00:08.726942,0.0168934982816451,0.6127394650722376,0.993133357426816,0.93270432643845,0:00:08.923538,0.025720811353367,0.4419473952652363,0.9917680600730836,0.9301641062860369,0:00:09.032310,0.1242749986510165,0.3417238854963967,0.9475966750993856,0.9006088464174832,0:00:08.964119
70,0.1313479452666529,0.3984282830440241,0.9382805284503876,0.8866174751018104,0:00:08.838190,0.0131031530070737,0.6002113145876766,0.9937356944946392,0.9303253901052376,0:00:09.135412,0.0262600679639531,0.3649468362190672,0.9924908645544712,0.9293980081448328,0:00:09.277249,0.1257077227460175,0.3653174383938483,0.94719511705417,0.8978267005362687,0:00:08.952887
71,0.1329012927282434,0.4043000129017899,0.93912380034534,0.8871416475142131,0:00:08.769061,0.0166894622033715,0.6384499616861798,0.9928924225996868,0.9305269948792388,0:00:08.903757,0.0254564137513988,0.4720935970492965,0.9924507087499498,0.929801217692835,0:00:08.946825,0.1204831443508233,0.3499922504253715,0.9492832188892903,0.9009717350106852,0:00:08.940529
72,0.1313883429990941,0.4402032125202841,0.9381600610368228,0.8884722390226201,0:00:08.769238,0.0174695782672811,0.6022132337594868,0.9924507087499498,0.933107535986452,0:00:08.943096,0.0257286997043482,0.4119017314765707,0.992249929727342,0.9303253901052376,0:00:09.042114,0.1250203364613597,0.3796331201725433,0.948439946994338,0.9018991169710898,0:00:08.936246
73,0.131713759587463,0.4113614418341049,0.9394048909769908,0.8901657191242288,0:00:08.743615,0.0139041453518295,0.6442254333476213,0.9930932016222944,0.9329865731220516,0:00:08.899622,0.0240390246455743,0.5715226567349794,0.9924908645544712,0.9278254909076248,0:00:08.955728,0.1201279778679083,0.368877708392734,0.9490422840621612,0.9029071408410952,0:00:08.947214
74,0.1277422915632445,0.4451680792117727,0.9418945508573264,0.8841578968589976,0:00:08.742228,0.0118959247545769,0.6372084240560016,0.99453881058507,0.9315753397040442,0:00:08.993638,0.0238229325582902,0.4559135512618109,0.992249929727342,0.9307285996532398,0:00:08.971551,0.1202415017371062,0.4273815687619687,0.9485604144079026,0.9001249949598807,0:00:08.888820
75,0.1297331005442453,0.3993385688259993,0.939284423563426,0.8885125599774203,0:00:08.849718,0.0154834892181354,0.6479604934563837,0.9932136690358592,0.9302044272408372,0:00:09.226848,0.0242702156050776,0.4305696123588167,0.9930128900132514,0.9275432442240232,0:00:09.193495,0.1171234267200695,0.3961189158996447,0.950287114002329,0.903068424660296,0:00:09.072223
76,0.1280011909891907,0.3821767938872762,0.9404890976990724,0.8887948066610218,0:00:08.701447,0.0152384326709635,0.6371638943758808,0.9928121109906436,0.9306479577436394,0:00:09.037656,0.0235514039612259,0.5247687247357168,0.9932538248403808,0.9316156606588444,0:00:08.923775,0.1209200190557154,0.3663468988463472,0.9492029072802474,0.9009717350106852,0:00:08.969090
77,0.1207070473099751,0.4295699932455259,0.9418142392482832,0.8876254989718156,0:00:08.706065,0.0153811822523878,0.6692647653905625,0.9933341364494238,0.9310511672916416,0:00:08.984908,0.0244089092102162,0.4519614217384025,0.9926514877725576,0.9308898834724406,0:00:09.019133,0.1173749214751988,0.366368679282947,0.9515720997470184,0.9016571912422886,0:00:08.952266
78,0.1273368931063409,0.4897199540300604,0.9407300325262016,0.8831498729889925,0:00:08.725717,0.0145884544675328,0.6422264489520076,0.9938963177127254,0.9308495625176404,0:00:08.819497,0.0249635346176926,0.4600103834739353,0.992169618118299,0.930406032014838,0:00:09.027489,0.1194023001055557,0.3609030761398357,0.9506485162430228,0.8991976129994759,0:00:08.936222
79,0.1269079845193033,0.4413921091906289,0.941573304421154,0.8862142655538083,0:00:08.750069,0.0125468413829526,0.7179362716248663,0.9938561619082038,0.9320995121164468,0:00:08.941334,0.0239685838627739,0.4951643009955248,0.992611331968036,0.9270190718116204,0:00:08.980977,0.1186412331419225,0.4028384686625005,0.9500060233706782,0.9016571912422886,0:00:08.931973
80,0.1233624089132655,0.4158482224908031,0.9420551740754126,0.8911737429942341,0:00:08.867149,0.0124847319741771,0.6195789639143131,0.9941372525398546,0.933107535986452,0:00:09.148561,0.0243465387940235,0.4777677644397277,0.992611331968036,0.9286319100036288,0:00:10.010152,0.1158853505994522,0.4017657952115794,0.9510500742882384,0.9026248941574936,0:00:09.395311
81,0.1226721905845556,0.4266566995605731,0.9436614062562744,0.8893996209830248,0:00:08.728746,0.0131229806719618,0.6414590409976247,0.9936955386901176,0.929962501512036,0:00:08.954985,0.0224703076594326,0.4552821958283607,0.9932136690358592,0.9303253901052376,0:00:09.661216,0.1134693212657737,0.3932123733204357,0.9529373971007508,0.9027861779766944,0:00:09.198302
82,0.1181044165781474,0.4467448725637538,0.9448660803919208,0.8873432522882142,0:00:08.705389,0.0150353085901756,0.6340043222170583,0.993133357426816,0.9303657110600378,0:00:08.990468,0.0238571671287221,0.4609740454189451,0.9928522667951653,0.9300834643764364,0:00:09.756200,0.1124111840809875,0.3962153744212947,0.9542223828454404,0.9016571912422886,0:00:09.153101
83,0.1197077088244498,0.4516232701484413,0.9445849897602698,0.8876254989718156,0:00:08.684682,0.0139243077778381,0.6102824657466978,0.99349475966751,0.9320188702068464,0:00:08.880054,0.024965737786634,0.4965093174935496,0.9922097739228204,0.9303657110600378,0:00:09.789907,0.1098615226983804,0.3788729101676285,0.953901136409268,0.8989153663158743,0:00:09.092391
84,0.1204189953480312,0.4957890942825976,0.9452274826326146,0.8860529817346074,0:00:08.726069,0.0144821634275809,0.5922053857766457,0.9933742922539454,0.9321801540260474,0:00:08.935820,0.0236792167361109,0.4796351798210906,0.9933341364494238,0.9301641062860369,0:00:09.824975,0.1124059250721748,0.4016322700563155,0.952495683251014,0.9009314140558848,0:00:08.860163
85,0.1215868859165688,0.4747871725890741,0.9426575111432356,0.8900044353050282,0:00:08.865593,0.0132425485179309,0.6742570571163174,0.9944986547805486,0.9318979073424458,0:00:09.104651,0.0212155395305571,0.5002101251557108,0.99349475966751,0.9275835651788236,0:00:10.001957,0.10981425343605,0.3961669320862295,0.9547042524996988,0.8974234909882666,0:00:09.200781
86,0.1206801887111443,0.4425079024238904,0.9433000040155805,0.8869803636950123,0:00:08.731220,0.0125294999675551,0.6606135531572432,0.9942978757579408,0.9329462521672514,0:00:08.968159,0.0234914703329903,0.4945611951132255,0.9932939806449024,0.9302044272408372,0:00:09.677602,0.1118757418764514,0.3697878155574087,0.9544633176725696,0.9008910931010846,0:00:08.977639
87,0.1194431994986674,0.4046123058274274,0.9427779785568003,0.8885932018870206,0:00:08.758587,0.0139098374695514,0.6489242842362126,0.9937356944946392,0.9295189710092336,0:00:08.970488,0.023614169566237,0.4648294350438811,0.9926514877725576,0.9312124511108424,0:00:09.820619,0.1097521421987328,0.3747791047740582,0.9530980203188372,0.9014152655134874,0:00:09.009561
88,0.1161640877052377,0.4341768387131406,0.9446251455647914,0.8897625095762267,0:00:08.734954,0.0116727419270345,0.6664648270439086,0.9946592779986348,0.9302447481956372,0:00:08.913196,0.0237894486573718,0.4675111414093425,0.9930128900132514,0.9308495625176404,0:00:09.832186,0.1101556758875139,0.3976737461790784,0.953901136409268,0.9044796580783032,0:00:09.001804
89,0.110918851131878,0.4584116256044523,0.9469541822270408,0.8866577960566105,0:00:08.710708,0.0150009613375733,0.6632397203491819,0.99297273420873,0.9304866739244384,0:00:09.018693,0.0229132940938409,0.5077266925861209,0.9938160061036824,0.927704528043224,0:00:09.948950,0.1102065954797342,0.3755252290638307,0.9547444083042204,0.8975847748074675,0:00:08.943839
90,0.1177023966403364,0.49527021489987,0.9449062361964422,0.8823837748477884,0:00:08.795042,0.013104566225446,0.6483723129378549,0.9940970967353332,0.9300834643764364,0:00:09.254570,0.0223737603080406,0.4677703623753408,0.993133357426816,0.9285512680940284,0:00:10.191112,0.1122008473881364,0.4167750823836127,0.9537405131911818,0.9000846740050804,0:00:09.209845
91,0.1166557027657655,0.4771277267660934,0.945990442918524,0.8889964114350227,0:00:08.707085,0.015663666551076,0.665143701108224,0.9933341364494238,0.931535018749244,0:00:08.997864,0.0222355745074791,0.5115433691316883,0.9933742922539454,0.9300834643764364,0:00:09.800850,0.1037362619486681,0.4293952766532776,0.9570332891619484,0.8993185758638764,0:00:08.983763
92,0.1176862505898812,0.4696020967616294,0.9448259245873992,0.8887141647514213,0:00:08.738215,0.0134474634701433,0.7425542640231318,0.9940970967353332,0.9262126527156164,0:00:08.967730,0.0237504793451701,0.488123571369252,0.9930128900132514,0.925769122212814,0:00:09.857050,0.1069748630285126,0.4248313139578008,0.9551861221539576,0.899600822547478,0:00:08.961151
93,0.1130170951363066,0.4355882365571888,0.946873870617998,0.8898431514858272,0:00:08.730389,0.0130713528734229,0.652094777993152,0.9940569409308116,0.9318575863876456,0:00:08.840897,0.0231855631665592,0.4890760136135177,0.993133357426816,0.929962501512036,0:00:09.806149,0.1098283480004609,0.4053967229647174,0.9535798899730956,0.8974234909882666,0:00:08.980560
94,0.112050936421958,0.4760507438358846,0.9462313777456532,0.8871819684690132,0:00:08.720541,0.0119676896114567,0.7147483346003878,0.9946191221941132,0.9314140558848434,0:00:08.943442,0.0213764409277368,0.4497480430428679,0.9933341364494238,0.9289141566872304,0:00:09.773277,0.1042989189022212,0.3975703426007869,0.9552262779584788,0.8995201806378775,0:00:08.946470
95,0.1136333635327943,0.4406395131672881,0.9445448339557484,0.8889964114350227,0:00:08.803610,0.0130094500162901,0.6802628856286939,0.99401678512629,0.9312124511108424,0:00:09.170302,0.0217392472925372,0.5779234782954051,0.9936152270810744,0.9274222813596226,0:00:10.014577,0.1061496110298264,0.4310809494081416,0.9553467453720436,0.899802427321479,0:00:09.196973
96,0.1137394087968349,0.4299514410595462,0.9458298197004376,0.8899237933954276,0:00:08.684905,0.0100928875488923,0.7294998980792778,0.9945789663895916,0.9318172654328456,0:00:09.048059,0.0236993262482853,0.4728586815679836,0.9923302413363853,0.929196403370832,0:00:09.668125,0.1033780299669875,0.4059290470321071,0.956350640485082,0.9028668198862948,0:00:09.011410
97,0.1084267556068362,0.433491036071386,0.9470746496406056,0.890972138220233,0:00:08.694592,0.0124331604367373,0.6678169785645813,0.9942577199534192,0.9297608967380347,0:00:09.013151,0.0210132109641843,0.5711121978098778,0.9936152270810744,0.9287125519132292,0:00:09.763579,0.105295417376642,0.3930214648282023,0.9559490824398666,0.9014152655134874,0:00:08.954484
98,0.1125455440735787,0.4351567820845097,0.9467132473999116,0.8880287085198177,0:00:08.698532,0.0127061123026624,0.6328870815120975,0.9940569409308116,0.929236724325632,0:00:08.932167,0.019618986947481,0.5791334106902607,0.9939364735172468,0.9298818596024354,0:00:09.720812,0.101766434689417,0.3846659648841839,0.9580773400795084,0.9017781541066892,0:00:08.949227
99,0.1084367358089881,0.4940988453262501,0.947556519294864,0.8882303132938189,0:00:08.726006,0.0138437978852744,0.6449176105792666,0.9942577199534192,0.9316963025684448,0:00:08.996109,0.0217502418976873,0.4781409451387605,0.9933742922539454,0.9295189710092336,0:00:09.710189,0.0999812228427016,0.4732642502898408,0.9581576516885516,0.893068827869844,0:00:08.886320
100,0.1061687948970084,0.5058017913701707,0.950367425611372,0.8823837748477884,0:00:08.810596,0.0109798139690758,0.6599868959028479,0.9953419266755008,0.9302850691504376,0:00:09.150759,0.0225054325501764,0.5454789867860029,0.9934546038629885,0.9314946977944438,0:00:09.951089,0.1035360617506938,0.4533544609100515,0.9563104846805606,0.9036732389822992,0:00:09.214288
