,sentiment,1-gram_negative,1-gram_positive,2-gram_negative,2-gram_positive,quotes,exclaim,allpunc,allcaps,stops,CC,CD,DT,EX,FW,IN,JJ,JJR,JJS,LS,MD,NN,NNS,NNP,NNPS,PDT,POS,PRP,PRP$,RB,RBR,RBS,RP,SYM,TO,UH,WP$,WRB,VB,VBD,VBG,VBN,VBP,VBZ,WDT,WP,$,'',(,),",",--,.,:,``,ttr,avg_wordlen,word_count,flesch_kincaid_grade_level,smog_index,coleman_liau_index,lix,bias_words,assertatives,factives,hedges,implicatives,report_verbs,positive_opinion_words,negative_opinion_words,vadneg,vadneu,vadpos,wneg,wpos,wneu,sneg,spos,sneu
0,positive,0.1450276243093922,0.38958990536277605,0.0,0.23474178403755863,0.014585232452142206,0.0009115770282588879,0.11212397447584321,0.0027347310847766638,0.3628076572470374,0.04488517745302714,0.012526096033402923,0.12943632567849686,0.005219206680584551,0.0,0.1127348643006263,0.09603340292275574,0.005219206680584551,0.008350730688935281,0.0,0.0041753653444676405,0.14509394572025053,0.04697286012526096,0.0918580375782881,0.0041753653444676405,0.0010438413361169101,0.0,0.022964509394572025,0.007306889352818371,0.07411273486430063,0.0020876826722338203,0.0,0.0020876826722338203,0.0,0.017745302713987474,0.0,0.0,0.0010438413361169101,0.025052192066805846,0.022964509394572025,0.019832985386221295,0.020876826722338204,0.015657620041753653,0.04488517745302714,0.014613778705636743,0.0010438413361169101,0.0,0.0,0.0,0.0,0.0,0.0,0.0,0.0,0.0,0.46659707724425886,4.587682672233821,958.0,2.5467,12.082951062292475,10.2194,50.81432672233821,0.07411273486430063,0.0,0.0020876826722338203,0.011482254697286013,0.0020876826722338203,0.006263048016701462,0.061586638830897704,0.020876826722338204,0.077,0.735,0.187,0.011482254697286013,0.027139874739039668,0.024008350730688934,0.015657620041753653,0.05741127348643006,0.011482254697286013
1,negative,0.16712707182320435,0.022082018927444796,0.03325526932084309,0.0,0.0,0.0,0.1242603550295858,0.047337278106508875,0.378698224852071,0.04054054054054054,0.0,0.0945945945945946,0.0,0.0,0.12837837837837837,0.06756756756756757,0.006756756756756757,0.0,0.0,0.006756756756756757,0.12162162162162163,0.006756756756756757,0.060810810810810814,0.0,0.0,0.0,0.10135135135135136,0.02702702702702703,0.08783783783783784,0.006756756756756757,0.0,0.0,0.0,0.033783783783783786,0.0,0.0,0.0,0.0472972972972973,0.0472972972972973,0.013513513513513514,0.006756756756756757,0.02027027027027027,0.07432432432432433,0.0,0.0,0.0,0.0,0.0,0.0,0.0,0.0,0.0,0.0,0.0,0.6621621621621622,4.121621621621622,148.0,-4.7787,8.916079783099615,6.0439,27.873873873873876,0.11486486486486487,0.006756756756756757,0.02027027027027027,0.04054054054054054,0.006756756756756757,0.02702702702702703,0.04054054054054054,0.033783783783783786,0.104,0.746,0.15,0.013513513513513514,0.02027027027027027,0.05405405405405406,0.033783783783783786,0.033783783783783786,0.0
2,positive,0.10635359116022099,0.15457413249211355,0.0,0.14835680751173708,0.0,0.001379310344827586,0.11172413793103449,0.001379310344827586,0.3889655172413793,0.04503105590062112,0.009316770186335404,0.12577639751552794,0.006211180124223602,0.0,0.13198757763975155,0.09472049689440994,0.006211180124223602,0.006211180124223602,0.0,0.006211180124223602,0.15372670807453417,0.05124223602484472,0.05434782608695652,0.0,0.006211180124223602,0.0,0.043478260869565216,0.015527950310559006,0.06521739130434782,0.003105590062111801,0.0,0.004658385093167702,0.0,0.009316770186335404,0.0,0.0,0.0015527950310559005,0.023291925465838508,0.007763975155279503,0.023291925465838508,0.010869565217391304,0.029503105590062112,0.06055900621118013,0.0015527950310559005,0.003105590062111801,0.0,0.0,0.0,0.0,0.0,0.0,0.0,0.0,0.0,0.4751552795031056,4.2313664596273295,644.0,-1.9765,9.674238124719146,7.5855,34.11142480707698,0.10869565217391304,0.003105590062111801,0.006211180124223602,0.012422360248447204,0.006211180124223602,0.012422360248447204,0.06055900621118013,0.03571428571428571,0.11,0.737,0.153,0.012422360248447204,0.055900621118012424,0.031055900621118012,0.03881987577639751,0.03571428571428571,0.012422360248447204
3,negative,0.13812154696132592,0.0,0.07822014051522248,0.0,0.004975124378109453,0.0024875621890547263,0.21393034825870647,0.007462686567164179,0.27860696517412936,0.03858520900321544,0.028938906752411574,0.08681672025723473,0.006430868167202572,0.0,0.07395498392282958,0.0707395498392283,0.00964630225080386,0.0,0.0,0.003215434083601286,0.17363344051446947,0.04501607717041801,0.0707395498392283,0.0,0.0,0.0,0.06109324758842444,0.006430868167202572,0.08360128617363344,0.0,0.006430868167202572,0.006430868167202572,0.0,0.028938906752411574,0.0,0.003215434083601286,0.006430868167202572,0.03858520900321544,0.00964630225080386,0.01607717041800643,0.01929260450160772,0.05466237942122187,0.04180064308681672,0.003215434083601286,0.006430868167202572,0.0,0.0,0.0,0.0,0.0,0.0,0.0,0.0,0.0,0.6430868167202572,4.327974276527331,311.0,-4.4249,9.70820393249937,7.3767,30.000133976420152,0.10610932475884244,0.0,0.006430868167202572,0.00964630225080386,0.0,0.012861736334405145,0.04180064308681672,0.04501607717041801,0.114,0.805,0.082,0.012861736334405145,0.03215434083601286,0.03536977491961415,0.03858520900321544,0.03215434083601286,0.003215434083601286
4,negative,0.1616022099447513,0.00473186119873817,0.04871194379391101,0.0,0.0,0.0,0.14522821576763487,0.024896265560165973,0.36929460580912865,0.04854368932038835,0.009708737864077669,0.10194174757281553,0.0,0.0,0.07766990291262135,0.07766990291262135,0.009708737864077669,0.0048543689320388345,0.0,0.0,0.13106796116504854,0.024271844660194174,0.05825242718446602,0.0,0.0,0.0,0.08737864077669903,0.009708737864077669,0.0970873786407767,0.0,0.0,0.019417475728155338,0.0,0.038834951456310676,0.0,0.0,0.009708737864077669,0.02912621359223301,0.024271844660194174,0.014563106796116505,0.024271844660194174,0.038834951456310676,0.05339805825242718,0.0048543689320388345,0.0048543689320388345,0.0,0.0,0.0,0.0,0.0,0.0,0.0,0.0,0.0,0.6407766990291263,4.339805825242719,206.0,0.6183,11.660254037844387,8.5964,43.71116504854369,0.11165048543689321,0.009708737864077669,0.0048543689320388345,0.014563106796116505,0.0048543689320388345,0.014563106796116505,0.04854368932038835,0.019417475728155338,0.074,0.749,0.177,0.024271844660194174,0.009708737864077669,0.03398058252427184,0.019417475728155338,0.05339805825242718,0.019417475728155338
5,negative,0.14364640883977897,0.04731861198738171,0.057611241217798585,0.0,0.013333333333333334,0.01,0.19333333333333333,0.0033333333333333335,0.31666666666666665,0.025210084033613446,0.008403361344537815,0.13865546218487396,0.004201680672268907,0.004201680672268907,0.08823529411764706,0.09243697478991597,0.0,0.0,0.0,0.004201680672268907,0.16806722689075632,0.03361344537815126,0.0546218487394958,0.0,0.01680672268907563,0.0,0.0546218487394958,0.0,0.07142857142857142,0.004201680672268907,0.0,0.004201680672268907,0.0,0.029411764705882353,0.0,0.0,0.0,0.025210084033613446,0.04201680672268908,0.02100840336134454,0.029411764705882353,0.03361344537815126,0.046218487394957986,0.0,0.0,0.0,0.0,0.0,0.0,0.0,0.0,0.0,0.0,0.0,0.6176470588235294,4.348739495798319,238.0,-4.0971,9.773651374345778,7.6712,32.48739495798319,0.07142857142857142,0.008403361344537815,0.008403361344537815,0.01680672268907563,0.004201680672268907,0.02100840336134454,0.01680672268907563,0.046218487394957986,0.172,0.73,0.098,0.01680672268907563,0.025210084033613446,0.01680672268907563,0.02100840336134454,0.01680672268907563,0.004201680672268907
6,negative,0.0787292817679558,0.012618296529968454,0.03372365339578454,0.0,0.0,0.0,0.1201923076923077,0.04326923076923077,0.4567307692307692,0.060109289617486336,0.0,0.1366120218579235,0.00546448087431694,0.0,0.14207650273224043,0.04371584699453552,0.0,0.0,0.0,0.01092896174863388,0.15846994535519127,0.01639344262295082,0.0,0.0,0.0,0.0,0.08196721311475409,0.01092896174863388,0.08743169398907104,0.0,0.0,0.00546448087431694,0.0,0.01639344262295082,0.0,0.0,0.0,0.04918032786885246,0.08743169398907104,0.02185792349726776,0.0273224043715847,0.02185792349726776,0.00546448087431694,0.0,0.01092896174863388,0.0,0.0,0.0,0.0,0.0,0.0,0.0,0.0,0.0,0.5191256830601093,3.8524590163934427,183.0,-0.1887,9.54653670707977,5.7434,36.52537080405933,0.09289617486338798,0.0,0.00546448087431694,0.03278688524590164,0.01092896174863388,0.03278688524590164,0.0273224043715847,0.0546448087431694,0.136,0.758,0.107,0.03825136612021858,0.02185792349726776,0.06557377049180328,0.03825136612021858,0.02185792349726776,0.03278688524590164
7,negative,0.16988950276243092,0.06309148264984227,0.10913348946135831,0.00046948356807511736,0.0035026269702276708,0.0,0.16987740805604204,0.04203152364273205,0.3239929947460595,0.03389830508474576,0.00847457627118644,0.1016949152542373,0.00423728813559322,0.0,0.1038135593220339,0.0847457627118644,0.00847457627118644,0.0,0.0,0.00423728813559322,0.13983050847457626,0.05508474576271186,0.09322033898305085,0.0,0.0,0.0,0.038135593220338986,0.00847457627118644,0.0826271186440678,0.00423728813559322,0.0,0.00211864406779661,0.0,0.02754237288135593,0.0,0.0,0.0,0.0423728813559322,0.01694915254237288,0.0211864406779661,0.025423728813559324,0.03389830508474576,0.04449152542372881,0.014830508474576272,0.0,0.0,0.0,0.0,0.0,0.0,0.0,0.0,0.0,0.0,0.5508474576271186,4.326271186440678,472.0,-0.4575,11.783100656536798,8.347,38.78974979822438,0.0826271186440678,0.00211864406779661,0.006355932203389831,0.00847457627118644,0.00423728813559322,0.01694915254237288,0.02754237288135593,0.07203389830508475,0.216,0.712,0.072,0.025423728813559324,0.01694915254237288,0.01694915254237288,0.059322033898305086,0.04025423728813559,0.00847457627118644
8,negative,0.30524861878453047,0.05993690851735015,0.1288056206088993,0.0,0.0035650623885918,0.0,0.08377896613190731,0.0142602495543672,0.3600713012477718,0.0531496062992126,0.005905511811023622,0.09055118110236221,0.0,0.0,0.09645669291338582,0.1062992125984252,0.001968503937007874,0.001968503937007874,0.0,0.005905511811023622,0.16141732283464566,0.025590551181102362,0.08070866141732283,0.0,0.001968503937007874,0.0,0.05905511811023622,0.015748031496062992,0.07874015748031496,0.001968503937007874,0.0,0.005905511811023622,0.0,0.025590551181102362,0.0,0.0,0.007874015748031496,0.02952755905511811,0.025590551181102362,0.01968503937007874,0.017716535433070866,0.013779527559055118,0.05708661417322835,0.003937007874015748,0.005905511811023622,0.0,0.0,0.0,0.0,0.0,0.0,0.0,0.0,0.0,0.5492125984251969,4.511811023622047,508.0,1.9573,13.0,9.7116,48.891513560804896,0.09251968503937008,0.00984251968503937,0.005905511811023622,0.013779527559055118,0.007874015748031496,0.013779527559055118,0.027559055118110236,0.05511811023622047,0.134,0.742,0.124,0.01968503937007874,0.025590551181102362,0.03740157480314961,0.0610236220472441,0.023622047244094488,0.02952755905511811
9,negative,0.12707182320441987,0.020504731861198736,0.058548009367681494,0.0,0.007272727272727273,0.0036363636363636364,0.10545454545454545,0.007272727272727273,0.36,0.01639344262295082,0.012295081967213115,0.13934426229508196,0.004098360655737705,0.0,0.13114754098360656,0.11885245901639344,0.004098360655737705,0.0,0.0,0.004098360655737705,0.12704918032786885,0.05327868852459016,0.0860655737704918,0.0,0.004098360655737705,0.004098360655737705,0.045081967213114756,0.00819672131147541,0.04918032786885246,0.0,0.004098360655737705,0.0,0.0,0.01639344262295082,0.0,0.0,0.0,0.020491803278688523,0.05327868852459016,0.00819672131147541,0.01639344262295082,0.028688524590163935,0.040983606557377046,0.004098360655737705,0.0,0.0,0.0,0.0,0.0,0.0,0.0,0.0,0.0,0.0,0.5819672131147541,4.290983606557377,244.0,-3.2295,10.348469228349535,7.6296,31.430601092896175,0.13934426229508196,0.00819672131147541,0.0,0.028688524590163935,0.0,0.012295081967213115,0.04918032786885246,0.040983606557377046,0.084,0.809,0.106,0.036885245901639344,0.040983606557377046,0.036885245901639344,0.036885245901639344,0.03278688524590164,0.004098360655737705
10,positive,0.06629834254143646,0.28075709779179825,0.0,0.1934272300469483,0.015555555555555555,0.0,0.18333333333333332,0.014444444444444444,0.24666666666666667,0.023054755043227664,0.011527377521613832,0.09654178674351585,0.0,0.0,0.11815561959654179,0.08357348703170028,0.0,0.001440922190201729,0.0,0.005763688760806916,0.20028818443804033,0.0446685878962536,0.14985590778097982,0.0,0.001440922190201729,0.0,0.020172910662824207,0.010086455331412104,0.05475504322766571,0.0,0.0,0.0,0.0,0.018731988472622477,0.0,0.0,0.0,0.025936599423631124,0.0345821325648415,0.010086455331412104,0.01729106628242075,0.018731988472622477,0.03314121037463977,0.011527377521613832,0.008645533141210375,0.0,0.0,0.0,0.0,0.0,0.0,0.0,0.0,0.0,0.5706051873198847,4.792507204610951,694.0,7.4596,15.947859237091258,11.693,66.3278521783353,0.07060518731988473,0.004322766570605188,0.0,0.01440922190201729,0.001440922190201729,0.008645533141210375,0.03170028818443804,0.01729106628242075,0.052,0.858,0.09,0.004322766570605188,0.023054755043227664,0.018731988472622477,0.01440922190201729,0.018731988472622477,0.012968299711815562
11,negative,0.16574585635359115,0.00473186119873817,0.08196721311475409,0.0,0.008908685968819599,0.0066815144766146995,0.16481069042316257,0.0200445434298441,0.29398663697104677,0.028169014084507043,0.016901408450704224,0.1267605633802817,0.0028169014084507044,0.0,0.12394366197183099,0.07323943661971831,0.005633802816901409,0.0,0.0,0.011267605633802818,0.17183098591549295,0.04225352112676056,0.04788732394366197,0.0,0.0,0.0,0.07323943661971831,0.011267605633802818,0.05352112676056338,0.0,0.0,0.0,0.0,0.005633802816901409,0.0,0.0,0.005633802816901409,0.01971830985915493,0.02535211267605634,0.04225352112676056,0.02535211267605634,0.03943661971830986,0.03943661971830986,0.005633802816901409,0.0028169014084507044,0.0,0.0,0.0,0.0,0.0,0.0,0.0,0.0,0.0,0.5746478873239437,4.185915492957746,355.0,-4.2241,9.70820393249937,6.6579,30.83694474539545,0.10704225352112676,0.005633802816901409,0.0028169014084507044,0.011267605633802818,0.008450704225352112,0.008450704225352112,0.022535211267605635,0.03943661971830986,0.161,0.726,0.113,0.016901408450704224,0.01971830985915493,0.05070422535211268,0.028169014084507043,0.030985915492957747,0.014084507042253521
12,positive,0.041436464088397795,0.06624605678233439,0.0,0.034741784037558676,0.0,0.0,0.04878048780487805,0.03048780487804878,0.4573170731707317,0.07051282051282051,0.01282051282051282,0.09615384615384616,0.0,0.0,0.08333333333333333,0.10256410256410256,0.0,0.00641025641025641,0.0,0.01282051282051282,0.1282051282051282,0.03205128205128205,0.0641025641025641,0.0,0.0,0.0,0.09615384615384616,0.019230769230769232,0.08974358974358974,0.0,0.0,0.00641025641025641,0.0,0.019230769230769232,0.0,0.0,0.0,0.03205128205128205,0.07051282051282051,0.00641025641025641,0.00641025641025641,0.02564102564102564,0.01282051282051282,0.0,0.00641025641025641,0.0,0.0,0.0,0.0,0.0,0.0,0.0,0.0,0.0,0.6410256410256411,4.0256410256410255,156.0,20.6415,13.246950765959598,7.5264,86.33333333333333,0.1346153846153846,0.01282051282051282,0.0,0.01282051282051282,0.0,0.01282051282051282,0.0641025641025641,0.02564102564102564,0.241,0.611,0.148,0.019230769230769232,0.02564102564102564,0.057692307692307696,0.05128205128205128,0.05128205128205128,0.00641025641025641
13,negative,0.08149171270718233,0.0,0.029508196721311473,0.0,0.012738853503184714,0.0,0.01910828025477707,0.006369426751592357,0.5414012738853503,0.046357615894039736,0.006622516556291391,0.059602649006622516,0.0,0.0,0.09271523178807947,0.07947019867549669,0.0,0.0,0.0,0.013245033112582781,0.15894039735099338,0.019867549668874173,0.0,0.0,0.0,0.0,0.0728476821192053,0.019867549668874173,0.0728476821192053,0.006622516556291391,0.0,0.006622516556291391,0.0,0.052980132450331126,0.0,0.0,0.0,0.09933774834437085,0.09271523178807947,0.033112582781456956,0.013245033112582781,0.039735099337748346,0.0,0.0,0.013245033112582781,0.0,0.0,0.0,0.0,0.0,0.0,0.0,0.0,0.0,0.5695364238410596,3.4768211920529803,151.0,9.1906,11.366600265340756,4.0825,59.60485651214128,0.11258278145695365,0.013245033112582781,0.039735099337748346,0.013245033112582781,0.006622516556291391,0.046357615894039736,0.013245033112582781,0.039735099337748346,0.106,0.812,0.082,0.013245033112582781,0.039735099337748346,0.059602649006622516,0.033112582781456956,0.019867549668874173,0.033112582781456956
14,negative,0.10497237569060774,0.015772870662460567,0.04402810304449648,0.0,0.0,0.021739130434782608,0.08695652173913043,0.02717391304347826,0.3641304347826087,0.047619047619047616,0.011904761904761904,0.08928571428571429,0.0,0.0,0.09523809523809523,0.07738095238095238,0.005952380952380952,0.005952380952380952,0.0,0.011904761904761904,0.13690476190476192,0.05357142857142857,0.017857142857142856,0.0,0.0,0.0,0.047619047619047616,0.03571428571428571,0.11904761904761904,0.0,0.0,0.0,0.0,0.011904761904761904,0.0,0.0,0.005952380952380952,0.05952380952380952,0.017857142857142856,0.017857142857142856,0.047619047619047616,0.041666666666666664,0.041666666666666664,0.0,0.0,0.0,0.0,0.0,0.0,0.0,0.0,0.0,0.0,0.0,0.7440476190476191,4.428571428571429,168.0,-2.3815,10.937253933193773,8.4986,35.84761904761905,0.10714285714285714,0.017857142857142856,0.005952380952380952,0.041666666666666664,0.0,0.041666666666666664,0.041666666666666664,0.03571428571428571,0.085,0.764,0.151,0.005952380952380952,0.023809523809523808,0.02976190476190476,0.03571428571428571,0.07738095238095238,0.05952380952380952
15,negative,0.31906077348066303,0.050473186119873815,0.14379391100702577,0.0,0.011204481792717087,0.0,0.16806722689075632,0.014005602240896359,0.33753501400560226,0.03595890410958904,0.005136986301369863,0.09931506849315068,0.003424657534246575,0.0,0.1232876712328767,0.0684931506849315,0.0,0.003424657534246575,0.0,0.02054794520547945,0.14897260273972604,0.04794520547945205,0.04280821917808219,0.0,0.0,0.0,0.0547945205479452,0.011986301369863013,0.06678082191780822,0.00684931506849315,0.0,0.003424657534246575,0.0,0.02054794520547945,0.0,0.0,0.023972602739726026,0.046232876712328765,0.023972602739726026,0.032534246575342464,0.030821917808219176,0.02910958904109589,0.04280821917808219,0.0017123287671232876,0.005136986301369863,0.0,0.0,0.0,0.0,0.0,0.0,0.0,0.0,0.0,0.5462328767123288,4.347602739726027,584.0,0.0229,12.082951062292475,8.5745,42.826484018264836,0.07534246575342465,0.011986301369863013,0.003424657534246575,0.023972602739726026,0.011986301369863013,0.0136986301369863,0.02226027397260274,0.039383561643835614,0.173,0.752,0.075,0.02226027397260274,0.030821917808219176,0.030821917808219176,0.017123287671232876,0.02054794520547945,0.017123287671232876
16,negative,0.22375690607734802,0.0725552050473186,0.11381733021077284,0.0,0.02527646129541864,0.0,0.09320695102685624,0.001579778830963665,0.37282780410742494,0.03046594982078853,0.026881720430107527,0.12007168458781362,0.0,0.0,0.13082437275985664,0.07526881720430108,0.0,0.0035842293906810036,0.0,0.007168458781362007,0.16487455197132617,0.05734767025089606,0.07347670250896057,0.0,0.0,0.0,0.01971326164874552,0.014336917562724014,0.044802867383512544,0.005376344086021506,0.0,0.005376344086021506,0.0,0.034050179211469536,0.0,0.0,0.0017921146953405018,0.035842293906810034,0.007168458781362007,0.026881720430107527,0.035842293906810034,0.023297491039426525,0.043010752688172046,0.0035842293906810036,0.008960573476702509,0.0,0.0,0.0,0.0,0.0,0.0,0.0,0.0,0.0,0.5663082437275986,4.589605734767025,558.0,3.0649,13.567244989431572,10.265,50.713261648745515,0.07347670250896057,0.005376344086021506,0.0017921146953405018,0.016129032258064516,0.007168458781362007,0.012544802867383513,0.01971326164874552,0.04838709677419355,0.156,0.761,0.083,0.023297491039426525,0.017921146953405017,0.01971326164874552,0.035842293906810034,0.01971326164874552,0.008960573476702509
17,positive,0.06077348066298342,0.14195583596214512,0.0,0.12535211267605634,0.0,0.0018726591760299626,0.10861423220973783,0.018726591760299626,0.3295880149812734,0.058823529411764705,0.01050420168067227,0.09243697478991597,0.0021008403361344537,0.0,0.09453781512605042,0.09033613445378151,0.0,0.0,0.0,0.008403361344537815,0.14285714285714285,0.037815126050420166,0.12815126050420167,0.0,0.0,0.0,0.025210084033613446,0.018907563025210083,0.09663865546218488,0.0063025210084033615,0.0,0.01050420168067227,0.0,0.023109243697478993,0.0,0.0,0.004201680672268907,0.0273109243697479,0.023109243697478993,0.029411764705882353,0.0063025210084033615,0.012605042016806723,0.03361344537815126,0.008403361344537815,0.008403361344537815,0.0,0.0,0.0,0.0,0.0,0.0,0.0,0.0,0.0,0.6470588235294118,4.766806722689076,476.0,2.3587,13.627378626481143,11.2051,48.79831932773109,0.058823529411764705,0.0021008403361344537,0.0021008403361344537,0.014705882352941176,0.0063025210084033615,0.004201680672268907,0.03991596638655462,0.037815126050420166,0.061,0.81,0.13,0.018907563025210083,0.029411764705882353,0.03361344537815126,0.031512605042016806,0.03361344537815126,0.014705882352941176
18,negative,0.19198895027624308,0.0473186119873817,0.03466042154566744,0.00046948356807511736,0.007220216606498195,0.0,0.148014440433213,0.01444043321299639,0.37184115523465705,0.03418803418803419,0.0,0.08547008547008547,0.0,0.0,0.14957264957264957,0.08547008547008547,0.004273504273504274,0.004273504273504274,0.0,0.004273504273504274,0.11965811965811966,0.042735042735042736,0.042735042735042736,0.0,0.0,0.0,0.0811965811965812,0.0,0.0811965811965812,0.008547008547008548,0.0,0.004273504273504274,0.0,0.042735042735042736,0.0,0.0,0.008547008547008548,0.042735042735042736,0.029914529914529916,0.021367521367521368,0.01282051282051282,0.038461538461538464,0.05128205128205128,0.0,0.004273504273504274,0.0,0.0,0.0,0.0,0.0,0.0,0.0,0.0,0.0,0.5982905982905983,4.222222222222222,234.0,2.2092,12.486832980505138,8.0432,43.77991452991453,0.0641025641025641,0.01282051282051282,0.004273504273504274,0.017094017094017096,0.008547008547008548,0.01282051282051282,0.05982905982905983,0.038461538461538464,0.086,0.795,0.119,0.021367521367521368,0.042735042735042736,0.017094017094017096,0.02564102564102564,0.05982905982905983,0.021367521367521368
19,positive,0.05386740331491712,0.2697160883280757,0.000468384074941452,0.13380281690140844,0.011142061281337047,0.0,0.16295264623955433,0.001392757660167131,0.34540389972144847,0.04215851602023609,0.006745362563237774,0.11804384485666104,0.0016863406408094434,0.0,0.11129848229342328,0.08600337268128162,0.0016863406408094434,0.0,0.0,0.01011804384485666,0.16863406408094436,0.047217537942664416,0.047217537942664416,0.0,0.0016863406408094434,0.0,0.048903878583473864,0.008431703204047217,0.04047217537942664,0.0,0.0,0.00505902192242833,0.0,0.03204047217537943,0.0,0.0016863406408094434,0.01011804384485666,0.04215851602023609,0.04384485666104553,0.01854974704890388,0.025295109612141653,0.021922428330522766,0.03709949409780776,0.003372681281618887,0.01854974704890388,0.0,0.0,0.0,0.0,0.0,0.0,0.0,0.0,0.0,0.5177065767284992,4.539629005059022,593.0,1.9495,13.419761445034554,9.876,48.305548863727616,0.07419898819561552,0.00505902192242833,0.00505902192242833,0.016863406408094434,0.00505902192242833,0.008431703204047217,0.026981450252951095,0.07251264755480608,0.202,0.691,0.108,0.04047217537942664,0.01517706576728499,0.04047217537942664,0.04215851602023609,0.03204047217537943,0.011804384485666104
20,positive,0.03591160220994475,0.05205047318611987,0.0,0.02723004694835681,0.0,0.013157894736842105,0.13157894736842105,0.013157894736842105,0.34210526315789475,0.022727272727272728,0.022727272727272728,0.13636363636363635,0.0,0.0,0.10606060606060606,0.06060606060606061,0.015151515151515152,0.0,0.0,0.0,0.16666666666666666,0.03787878787878788,0.015151515151515152,0.0,0.0,0.0,0.12121212121212122,0.0,0.08333333333333333,0.0,0.0,0.0,0.0,0.015151515151515152,0.0,0.0,0.0,0.03787878787878788,0.007575757575757576,0.015151515151515152,0.015151515151515152,0.06818181818181818,0.045454545454545456,0.0,0.007575757575757576,0.0,0.0,0.0,0.0,0.0,0.0,0.0,0.0,0.0,0.696969696969697,4.068181818181818,132.0,-4.6895,7.898979485566356,5.8889,22.29090909090909,0.09090909090909091,0.007575757575757576,0.030303030303030304,0.030303030303030304,0.022727272727272728,0.022727272727272728,0.06818181818181818,0.030303030303030304,0.07,0.744,0.187,0.015151515151515152,0.06818181818181818,0.030303030303030304,0.022727272727272728,0.06818181818181818,0.022727272727272728
21,negative,0.1975138121546961,0.011041009463722398,0.01498829039812646,0.001408450704225352,0.005277044854881266,0.0,0.12401055408970976,0.018469656992084433,0.3403693931398417,0.03939393939393939,0.0030303030303030303,0.13333333333333333,0.0030303030303030303,0.0,0.10303030303030303,0.08787878787878788,0.00909090909090909,0.006060606060606061,0.0,0.015151515151515152,0.2,0.03333333333333333,0.04242424242424243,0.0030303030303030303,0.0,0.0,0.03333333333333333,0.012121212121212121,0.04242424242424243,0.006060606060606061,0.0,0.01818181818181818,0.0,0.012121212121212121,0.0,0.0,0.0030303030303030303,0.03939393939393939,0.045454545454545456,0.030303030303030304,0.01818181818181818,0.021212121212121213,0.01818181818181818,0.012121212121212121,0.00909090909090909,0.0,0.0,0.0,0.0,0.0,0.0,0.0,0.0,0.0,0.6121212121212121,4.648484848484848,330.0,0.3803,12.599107101332766,10.3068,47.20779220779221,0.06363636363636363,0.0030303030303030303,0.0,0.030303030303030304,0.0,0.012121212121212121,0.021212121212121213,0.06666666666666667,0.1,0.808,0.092,0.051515151515151514,0.021212121212121213,0.04242424242424243,0.048484848484848485,0.024242424242424242,0.006060606060606061
22,positive,0.0,0.06309148264984227,0.0,0.024413145539906107,0.0,0.016,0.136,0.016,0.384,0.027777777777777776,0.018518518518518517,0.1388888888888889,0.0,0.0,0.14814814814814814,0.07407407407407407,0.009259259259259259,0.018518518518518517,0.0,0.009259259259259259,0.16666666666666666,0.05555555555555555,0.05555555555555555,0.0,0.0,0.0,0.06481481481481481,0.018518518518518517,0.018518518518518517,0.0,0.0,0.0,0.0,0.027777777777777776,0.0,0.0,0.0,0.018518518518518517,0.037037037037037035,0.0,0.0,0.018518518518518517,0.05555555555555555,0.018518518518518517,0.0,0.0,0.0,0.0,0.0,0.0,0.0,0.0,0.0,0.0,0.7222222222222222,4.185185185185185,108.0,-1.6692,10.348469228349535,7.4619,38.266666666666666,0.06481481481481481,0.0,0.0,0.009259259259259259,0.0,0.009259259259259259,0.07407407407407407,0.046296296296296294,0.092,0.64,0.268,0.009259259259259259,0.05555555555555555,0.037037037037037035,0.05555555555555555,0.05555555555555555,0.0
23,negative,0.12016574585635359,0.007886435331230283,0.001873536299765808,0.00046948356807511736,0.018779342723004695,0.0,0.2300469483568075,0.03755868544600939,0.24882629107981222,0.05625,0.0125,0.125,0.0,0.0,0.06875,0.0875,0.0125,0.0,0.0,0.0125,0.1375,0.04375,0.0375,0.00625,0.0,0.0,0.06875,0.00625,0.0625,0.0,0.00625,0.0,0.0,0.0375,0.0,0.0,0.0,0.05,0.04375,0.025,0.01875,0.0625,0.01875,0.0,0.0,0.0,0.0,0.0,0.0,0.0,0.0,0.0,0.0,0.0,0.675,3.9125,160.0,-1.98,10.245688373094719,5.7446,33.125,0.0875,0.00625,0.01875,0.0125,0.00625,0.0125,0.0375,0.0375,0.126,0.651,0.223,0.0125,0.025,0.025,0.025,0.0625,0.0
24,positive,0.07734806629834254,0.14511041009463724,0.00234192037470726,0.05070422535211266,0.0,0.002277904328018223,0.1070615034168565,0.002277904328018223,0.3712984054669704,0.04092071611253197,0.0076726342710997444,0.12020460358056266,0.0025575447570332483,0.0,0.11764705882352941,0.07161125319693094,0.0076726342710997444,0.0,0.0,0.0076726342710997444,0.17902813299232737,0.030690537084398978,0.0792838874680307,0.0,0.0,0.0,0.030690537084398978,0.01278772378516624,0.061381074168797956,0.005115089514066497,0.0,0.0025575447570332483,0.0,0.030690537084398978,0.0,0.0,0.0025575447570332483,0.03324808184143223,0.017902813299232736,0.023017902813299233,0.010230179028132993,0.017902813299232736,0.06905370843989769,0.010230179028132993,0.0076726342710997444,0.0,0.0,0.0,0.0,0.0,0.0,0.0,0.0,0.0,0.5831202046035806,4.4808184143222505,391.0,3.4732,13.246950765959598,9.6713,50.741901108269396,0.08184143222506395,0.005115089514066497,0.0,0.015345268542199489,0.005115089514066497,0.0025575447570332483,0.04603580562659847,0.03580562659846547,0.06,0.755,0.185,0.017902813299232736,0.043478260869565216,0.030690537084398978,0.02557544757033248,0.020460358056265986,0.015345268542199489
25,negative,0.22928176795580107,0.0473186119873817,0.012177985948477752,0.001408450704225352,0.0,0.0,0.1062992125984252,0.011811023622047244,0.3858267716535433,0.0378619153674833,0.0066815144766146995,0.09799554565701558,0.0022271714922048997,0.0022271714922048997,0.133630289532294,0.08908685968819599,0.013363028953229399,0.0022271714922048997,0.0,0.011135857461024499,0.15367483296213807,0.031180400890868598,0.042316258351893093,0.0,0.0,0.0,0.0400890868596882,0.011135857461024499,0.0801781737193764,0.004454342984409799,0.0022271714922048997,0.008908685968819599,0.0,0.028953229398663696,0.0,0.0,0.0066815144766146995,0.051224944320712694,0.022271714922048998,0.024498886414253896,0.031180400890868598,0.015590200445434299,0.042316258351893093,0.0022271714922048997,0.004454342984409799,0.0,0.0,0.0,0.0,0.0,0.0,0.0,0.0,0.0,0.5657015590200446,4.305122494432071,449.0,2.4899,12.38083151964686,8.5549,45.52353377876763,0.08463251670378619,0.004454342984409799,0.0022271714922048997,0.013363028953229399,0.004454342984409799,0.011135857461024499,0.044543429844097995,0.066815144766147,0.12,0.717,0.163,0.022271714922048998,0.031180400890868598,0.044543429844097995,0.04899777282850779,0.042316258351893093,0.008908685968819599
26,negative,0.08425414364640885,0.03785488958990536,0.0,0.00046948356807511736,0.0,0.0,0.09523809523809523,0.005952380952380952,0.39880952380952384,0.046052631578947366,0.013157894736842105,0.13815789473684212,0.006578947368421052,0.0,0.1118421052631579,0.08552631578947369,0.006578947368421052,0.006578947368421052,0.0,0.006578947368421052,0.13157894736842105,0.039473684210526314,0.05263157894736842,0.0,0.006578947368421052,0.0,0.013157894736842105,0.013157894736842105,0.06578947368421052,0.0,0.0,0.0,0.0,0.02631578947368421,0.0,0.0,0.006578947368421052,0.039473684210526314,0.013157894736842105,0.03289473684210526,0.039473684210526314,0.03289473684210526,0.046052631578947366,0.019736842105263157,0.0,0.0,0.0,0.0,0.0,0.0,0.0,0.0,0.0,0.0,0.7236842105263158,4.480263157894737,152.0,2.9268,14.224972160321824,9.6019,48.82105263157895,0.05921052631578947,0.0,0.0,0.0,0.0,0.0,0.039473684210526314,0.09210526315789473,0.105,0.799,0.096,0.039473684210526314,0.02631578947368421,0.019736842105263157,0.046052631578947366,0.039473684210526314,0.006578947368421052
27,negative,0.029005524861878452,0.007886435331230283,0.002810304449648712,0.0,0.0,0.0,0.0967741935483871,0.016129032258064516,0.3870967741935484,0.03571428571428571,0.05357142857142857,0.10714285714285714,0.0,0.0,0.10714285714285714,0.08928571428571429,0.0,0.017857142857142856,0.0,0.03571428571428571,0.125,0.017857142857142856,0.017857142857142856,0.0,0.0,0.0,0.10714285714285714,0.0,0.03571428571428571,0.0,0.0,0.0,0.0,0.05357142857142857,0.0,0.0,0.0,0.08928571428571429,0.10714285714285714,0.0,0.0,0.0,0.0,0.0,0.0,0.0,0.0,0.0,0.0,0.0,0.0,0.0,0.0,0.0,0.875,3.6607142857142856,56.0,-4.9527,9.123724356957945,3.6187,26.5,0.08928571428571429,0.017857142857142856,0.017857142857142856,0.05357142857142857,0.017857142857142856,0.017857142857142856,0.03571428571428571,0.017857142857142856,0.042,0.853,0.105,0.017857142857142856,0.017857142857142856,0.07142857142857142,0.017857142857142856,0.03571428571428571,0.03571428571428571
28,positive,0.04143646408839779,0.056782334384858045,0.0,0.00046948356807511736,0.0,0.007518796992481203,0.13533834586466165,0.015037593984962405,0.3533834586466165,0.05217391304347826,0.008695652173913044,0.08695652173913043,0.0,0.0,0.13043478260869565,0.05217391304347826,0.0,0.0,0.0,0.02608695652173913,0.1391304347826087,0.034782608695652174,0.11304347826086956,0.0,0.0,0.0,0.06086956521739131,0.0,0.06086956521739131,0.0,0.0,0.0,0.0,0.017391304347826087,0.0,0.0,0.008695652173913044,0.043478260869565216,0.06956521739130435,0.02608695652173913,0.02608695652173913,0.02608695652173913,0.0,0.008695652173913044,0.008695652173913044,0.0,0.0,0.0,0.0,0.0,0.0,0.0,0.0,0.0,0.782608695652174,4.3826086956521735,115.0,-4.0838,10.071067811865476,7.6657,29.29951690821256,0.043478260869565216,0.008695652173913044,0.0,0.017391304347826087,0.0,0.0,0.017391304347826087,0.05217391304347826,0.105,0.837,0.059,0.017391304347826087,0.008695652173913044,0.008695652173913044,0.05217391304347826,0.017391304347826087,0.034782608695652174
29,negative,0.17127071823204415,0.02839116719242902,0.006557377049180328,0.0009389671361502347,0.02040816326530612,0.0,0.20153061224489796,0.015306122448979591,0.29336734693877553,0.01639344262295082,0.009836065573770493,0.11475409836065574,0.003278688524590164,0.0,0.10491803278688525,0.08524590163934426,0.0,0.006557377049180328,0.0,0.006557377049180328,0.18032786885245902,0.05573770491803279,0.07213114754098361,0.0,0.0,0.0,0.05573770491803279,0.019672131147540985,0.04262295081967213,0.0,0.0,0.006557377049180328,0.0,0.01639344262295082,0.0,0.0,0.009836065573770493,0.036065573770491806,0.013114754098360656,0.013114754098360656,0.013114754098360656,0.04590163934426229,0.06557377049180328,0.006557377049180328,0.0,0.0,0.0,0.0,0.0,0.0,0.0,0.0,0.0,0.0,0.6,4.127868852459017,305.0,-2.7386,10.029350233548072,6.841,34.334619093539054,0.09508196721311475,0.0,0.019672131147540985,0.013114754098360656,0.009836065573770493,0.009836065573770493,0.01639344262295082,0.04590163934426229,0.2,0.753,0.046,0.029508196721311476,0.03934426229508197,0.01639344262295082,0.029508196721311476,0.02622950819672131,0.009836065573770493
30,positive,0.06077348066298342,0.1719242902208202,0.00234192037470726,0.00704225352112676,0.02237136465324385,0.0,0.14093959731543623,0.0022371364653243847,0.3713646532438479,0.03208556149732621,0.0106951871657754,0.11764705882352941,0.0,0.0,0.12566844919786097,0.07754010695187166,0.00267379679144385,0.008021390374331552,0.0,0.016042780748663103,0.19518716577540107,0.026737967914438502,0.05614973262032086,0.0,0.0,0.0,0.0481283422459893,0.013368983957219251,0.05080213903743316,0.0,0.0,0.0,0.0,0.02406417112299465,0.0,0.0,0.0,0.0427807486631016,0.008021390374331552,0.0053475935828877,0.0374331550802139,0.008021390374331552,0.07754010695187166,0.0106951871657754,0.0053475935828877,0.0,0.0,0.0,0.0,0.0,0.0,0.0,0.0,0.0,0.5427807486631016,4.39572192513369,374.0,4.13,15.022705791353896,9.2084,54.58823529411765,0.08823529411764706,0.00267379679144385,0.0,0.016042780748663103,0.00267379679144385,0.008021390374331552,0.06951871657754011,0.0106951871657754,0.028,0.792,0.18,0.0106951871657754,0.03208556149732621,0.0481283422459893,0.008021390374331552,0.0427807486631016,0.008021390374331552
31,positive,0.04696132596685083,0.18296529968454261,0.000468384074941452,0.020187793427230052,0.0,0.0,0.1522491349480969,0.015570934256055362,0.3737024221453287,0.044897959183673466,0.012244897959183673,0.09387755102040816,0.0,0.0,0.11836734693877551,0.05510204081632653,0.0,0.0,0.0,0.024489795918367346,0.15714285714285714,0.03877551020408163,0.09591836734693877,0.0,0.0,0.0,0.061224489795918366,0.0163265306122449,0.07959183673469387,0.0,0.0020408163265306124,0.01020408163265306,0.0,0.018367346938775512,0.0,0.0,0.0,0.04897959183673469,0.018367346938775512,0.018367346938775512,0.0163265306122449,0.02040816326530612,0.04285714285714286,0.0,0.006122448979591836,0.0,0.0,0.0,0.0,0.0,0.0,0.0,0.0,0.0,0.47346938775510206,4.185714285714286,490.0,1.6901,11.81175685227012,7.813,43.721488595438174,0.0836734693877551,0.01020408163265306,0.0020408163265306124,0.014285714285714285,0.00816326530612245,0.02040816326530612,0.04897959183673469,0.012244897959183673,0.022,0.738,0.239,0.01020408163265306,0.04693877551020408,0.04897959183673469,0.004081632653061225,0.04897959183673469,0.01020408163265306
32,negative,0.06767955801104972,0.017350157728706624,0.001873536299765808,0.00046948356807511736,0.0,0.0,0.12418300653594772,0.0392156862745098,0.39215686274509803,0.029850746268656716,0.007462686567164179,0.12686567164179105,0.0,0.0,0.09701492537313433,0.07462686567164178,0.0,0.014925373134328358,0.0,0.022388059701492536,0.16417910447761194,0.022388059701492536,0.04477611940298507,0.0,0.0,0.0,0.09701492537313433,0.007462686567164179,0.07462686567164178,0.0,0.0,0.0,0.0,0.007462686567164179,0.0,0.0,0.0,0.05223880597014925,0.07462686567164178,0.022388059701492536,0.007462686567164179,0.022388059701492536,0.014925373134328358,0.0,0.014925373134328358,0.0,0.0,0.0,0.0,0.0,0.0,0.0,0.0,0.0,0.7313432835820896,3.746268656716418,134.0,-3.7686,7.330127018922194,4.4745,26.451492537313435,0.06716417910447761,0.007462686567164179,0.014925373134328358,0.029850746268656716,0.007462686567164179,0.022388059701492536,0.0,0.05970149253731343,0.189,0.777,0.034,0.007462686567164179,0.007462686567164179,0.029850746268656716,0.05223880597014925,0.022388059701492536,0.029850746268656716
33,negative,0.04834254143646409,0.037854889589905356,0.00234192037470726,0.001408450704225352,0.0,0.0,0.11188811188811189,0.006993006993006993,0.40559440559440557,0.023622047244094488,0.007874015748031496,0.09448818897637795,0.0,0.0,0.10236220472440945,0.047244094488188976,0.0,0.007874015748031496,0.0,0.023622047244094488,0.2125984251968504,0.031496062992125984,0.031496062992125984,0.0,0.0,0.0,0.03937007874015748,0.047244094488188976,0.047244094488188976,0.007874015748031496,0.0,0.015748031496062992,0.0,0.023622047244094488,0.0,0.0,0.015748031496062992,0.047244094488188976,0.031496062992125984,0.015748031496062992,0.031496062992125984,0.007874015748031496,0.07086614173228346,0.0,0.015748031496062992,0.0,0.0,0.0,0.0,0.0,0.0,0.0,0.0,0.0,0.7559055118110236,4.2204724409448815,127.0,2.7352,11.215838362577491,8.1137,45.923228346456696,0.11023622047244094,0.007874015748031496,0.0,0.031496062992125984,0.007874015748031496,0.007874015748031496,0.047244094488188976,0.03937007874015748,0.043,0.791,0.166,0.023622047244094488,0.03937007874015748,0.047244094488188976,0.015748031496062992,0.023622047244094488,0.007874015748031496
34,negative,0.1229281767955801,0.00473186119873817,0.002810304449648712,0.0,0.0,0.0,0.12435233160621761,0.06217616580310881,0.47150259067357514,0.029585798816568046,0.0,0.11834319526627218,0.0,0.0,0.11242603550295859,0.08284023668639054,0.0,0.0,0.0,0.0,0.09467455621301775,0.01775147928994083,0.023668639053254437,0.0,0.0,0.0,0.14792899408284024,0.011834319526627219,0.05325443786982249,0.0,0.0,0.011834319526627219,0.0,0.04142011834319527,0.0,0.0,0.005917159763313609,0.047337278106508875,0.05325443786982249,0.03550295857988166,0.011834319526627219,0.029585798816568046,0.07100591715976332,0.0,0.0,0.0,0.0,0.0,0.0,0.0,0.0,0.0,0.0,0.0,0.5325443786982249,3.6449704142011834,169.0,-3.1172,9.0,3.8937,29.91775147928994,0.08875739644970414,0.023668639053254437,0.011834319526627219,0.005917159763313609,0.0,0.029585798816568046,0.005917159763313609,0.03550295857988166,0.085,0.86,0.055,0.005917159763313609,0.005917159763313609,0.011834319526627219,0.047337278106508875,0.005917159763313609,0.05325443786982249
35,negative,0.05662983425414364,0.025236593059936904,0.00468384074941452,0.0,0.0,0.0,0.09523809523809523,0.04081632653061224,0.38095238095238093,0.045112781954887216,0.007518796992481203,0.11278195488721804,0.0,0.0,0.11278195488721804,0.10526315789473684,0.0,0.0,0.0,0.0,0.18796992481203006,0.015037593984962405,0.05263157894736842,0.0,0.0,0.0,0.11278195488721804,0.015037593984962405,0.06766917293233082,0.0,0.0,0.0,0.0,0.007518796992481203,0.0,0.0,0.0,0.015037593984962405,0.05263157894736842,0.015037593984962405,0.015037593984962405,0.015037593984962405,0.03759398496240601,0.0,0.007518796992481203,0.0,0.0,0.0,0.0,0.0,0.0,0.0,0.0,0.0,0.6691729323308271,3.9323308270676693,133.0,-4.1747,9.0,5.1058,26.833834586466168,0.09022556390977443,0.007518796992481203,0.015037593984962405,0.015037593984962405,0.0,0.015037593984962405,0.015037593984962405,0.06766917293233082,0.163,0.755,0.082,0.022556390977443608,0.015037593984962405,0.022556390977443608,0.045112781954887216,0.022556390977443608,0.015037593984962405
36,positive,0.029005524861878452,0.24447949526813878,0.0,0.01643192488262911,0.0,0.0031545741324921135,0.15141955835962145,0.007886435331230283,0.3990536277602524,0.03165735567970205,0.0111731843575419,0.12290502793296089,0.00558659217877095,0.0,0.1527001862197393,0.0521415270018622,0.0037243947858473,0.00186219739292365,0.0,0.0186219739292365,0.14338919925512103,0.03910614525139665,0.027932960893854747,0.00186219739292365,0.00558659217877095,0.0,0.07635009310986965,0.0037243947858473,0.07076350093109869,0.00186219739292365,0.0,0.00931098696461825,0.0,0.027932960893854747,0.0,0.0,0.0074487895716946,0.04283054003724395,0.0111731843575419,0.020484171322160148,0.0111731843575419,0.03910614525139665,0.03910614525139665,0.0148975791433892,0.00558659217877095,0.0,0.0,0.0,0.0,0.0,0.0,0.0,0.0,0.0,0.44692737430167595,4.378026070763501,537.0,5.5738,14.892374507581378,9.2045,57.53777600425644,0.09683426443202979,0.0037243947858473,0.00931098696461825,0.0186219739292365,0.00931098696461825,0.0223463687150838,0.0223463687150838,0.01675977653631285,0.056,0.86,0.084,0.01675977653631285,0.0297951582867784,0.037243947858473,0.01303538175046555,0.035381750465549346,0.020484171322160148
37,negative,0.09116022099447514,0.015772870662460567,0.001873536299765808,0.0,0.0,0.011976047904191617,0.08383233532934131,0.011976047904191617,0.38323353293413176,0.0457516339869281,0.013071895424836602,0.12418300653594772,0.0,0.0,0.10457516339869281,0.0915032679738562,0.006535947712418301,0.0,0.0,0.006535947712418301,0.1568627450980392,0.013071895424836602,0.11764705882352941,0.0,0.0,0.006535947712418301,0.0392156862745098,0.0,0.0196078431372549,0.0,0.0,0.006535947712418301,0.0,0.032679738562091505,0.0,0.0,0.0,0.05228758169934641,0.06535947712418301,0.013071895424836602,0.013071895424836602,0.026143790849673203,0.026143790849673203,0.006535947712418301,0.013071895424836602,0.0,0.0,0.0,0.0,0.0,0.0,0.0,0.0,0.0,0.6797385620915033,4.398692810457517,153.0,-1.4839,11.440971508067067,8.5397,40.04003267973856,0.12418300653594772,0.0,0.013071895424836602,0.006535947712418301,0.0,0.013071895424836602,0.058823529411764705,0.0392156862745098,0.109,0.771,0.121,0.032679738562091505,0.0196078431372549,0.013071895424836602,0.032679738562091505,0.05228758169934641,0.0
38,negative,0.13259668508287292,0.044164037854889586,0.008430913348946134,0.0009389671361502347,0.0,0.005571030640668524,0.1532033426183844,0.011142061281337047,0.35097493036211697,0.03289473684210526,0.019736842105263157,0.1118421052631579,0.003289473684210526,0.003289473684210526,0.07894736842105263,0.0756578947368421,0.0,0.0,0.0,0.009868421052631578,0.18092105263157895,0.039473684210526314,0.019736842105263157,0.0,0.0,0.0,0.0756578947368421,0.023026315789473683,0.0625,0.0,0.0,0.0,0.0,0.039473684210526314,0.0,0.0,0.009868421052631578,0.05921052631578947,0.039473684210526314,0.023026315789473683,0.01644736842105263,0.03289473684210526,0.02631578947368421,0.013157894736842105,0.0,0.003289473684210526,0.0,0.0,0.0,0.0,0.0,0.0,0.0,0.0,0.555921052631579,4.355263157894737,304.0,-0.1423,12.240379612581691,8.5696,39.17408906882591,0.08552631578947369,0.003289473684210526,0.006578947368421052,0.013157894736842105,0.009868421052631578,0.013157894736842105,0.019736842105263157,0.039473684210526314,0.123,0.75,0.127,0.03289473684210526,0.02631578947368421,0.029605263157894735,0.029605263157894735,0.03289473684210526,0.019736842105263157
39,negative,0.18784530386740322,0.031545741324921134,0.010772833723653395,0.0009389671361502347,0.004739336492890996,0.0,0.0947867298578199,0.023696682464454975,0.41706161137440756,0.02368421052631579,0.010526315789473684,0.12631578947368421,0.007894736842105263,0.0,0.10263157894736842,0.06578947368421052,0.002631578947368421,0.0,0.0,0.005263157894736842,0.15,0.02894736842105263,0.02894736842105263,0.0,0.002631578947368421,0.0,0.06578947368421052,0.015789473684210527,0.06842105263157895,0.0,0.0,0.007894736842105263,0.0,0.03684210526315789,0.0,0.0,0.018421052631578946,0.07105263157894737,0.031578947368421054,0.015789473684210527,0.007894736842105263,0.042105263157894736,0.04736842105263158,0.007894736842105263,0.007894736842105263,0.0,0.0,0.0,0.0,0.0,0.0,0.0,0.0,0.0,0.4789473684210526,3.805263157894737,380.0,-2.9361,7.743416490252569,5.0341,29.0,0.08947368421052632,0.002631578947368421,0.021052631578947368,0.002631578947368421,0.013157894736842105,0.007894736842105263,0.031578947368421054,0.03684210526315789,0.134,0.764,0.102,0.031578947368421054,0.05263157894736842,0.007894736842105263,0.007894736842105263,0.03684210526315789,0.018421052631578946
